{
  "fmlloader-1.20.1-47.4.13.jar (modloader)": {
    "jarName": "fmlloader-1.20.1-47.4.13.jar (modloader)",
    "modId": "forge",
    "version": "fmlloader-1.20.1-47.4.13.jar"
  },
  "almanac-1.20.x-forge-1.0.2.jar": {
    "jarName": "almanac-1.20.x-forge-1.0.2.jar",
    "modId": "almanac",
    "version": "1.0.2",
    "curseForgeHash": 409215932,
    "modrinthHash": "f0b711df59cd589b088e536ca4134c5e6e73fd58"
  },
  "bocchium-1.20.1-0.0.3.jar": {
    "jarName": "bocchium-1.20.1-0.0.3.jar",
    "modId": "bocchium",
    "version": "1.20.1-0.0.3",
    "curseForgeHash": 1516610249,
    "modrinthHash": "4c74bafb892028c3ec006bd694836e42695b77a0"
  },
  "CrashAssistant-forge-1.19-1.20.1-1.10.28.jar": {
    "jarName": "CrashAssistant-forge-1.19-1.20.1-1.10.28.jar",
    "modId": "crash_assistant",
    "version": "1.10.28",
    "curseForgeHash": 2399972476,
    "modrinthHash": "ff33e66ea1d828f0a5de39cf31d765e75d0a3859"
  },
  "CullLessLeaves-Reforged-1.20.1-1.0.5.jar": {
    "jarName": "CullLessLeaves-Reforged-1.20.1-1.0.5.jar",
    "modId": "culllessleaves",
    "version": "1.20.1-1.0.5",
    "curseForgeHash": 3417341354,
    "modrinthHash": "71b1603071461e036a3ba2aaeeb52cc10fa3d348"
  },
  "embeddium-0.3.31+mc1.20.1.jar": {
    "jarName": "embeddium-0.3.31+mc1.20.1.jar",
    "modId": "embeddium",
    "version": "0.3.31+mc1.20.1",
    "curseForgeHash": 4281946638,
    "modrinthHash": "bb2fa8f3e493af16af9160d049f96c614a1faf2f"
  },
  "FastFurnace-1.20.1-8.0.2.jar": {
    "jarName": "FastFurnace-1.20.1-8.0.2.jar",
    "modId": "fastfurnace",
    "version": "8.0.2",
    "curseForgeHash": 1215298089,
    "modrinthHash": "b144b8599acd3fac3f8f9d31fa217a4a5b942f61"
  },
  "FastSuite-1.20.1-5.1.1.jar": {
    "jarName": "FastSuite-1.20.1-5.1.1.jar",
    "modId": "fastsuite",
    "version": "5.1.1",
    "curseForgeHash": 4161769711,
    "modrinthHash": "dfceb81524a9e1be19bf89d0281c05b6edf5326c"
  },
  "FastWorkbench-1.20.1-8.0.4.jar": {
    "jarName": "FastWorkbench-1.20.1-8.0.4.jar",
    "modId": "fastbench",
    "version": "8.0.4",
    "curseForgeHash": 3125406473,
    "modrinthHash": "1a322a85e7c7024b8a0715c12d27b5ed0930d729"
  },
  "flerovium-forge-1.20.1-1.2.16-all.jar": {
    "jarName": "flerovium-forge-1.20.1-1.2.16-all.jar",
    "modId": "flerovium",
    "version": "1.2.16",
    "curseForgeHash": 4090528356,
    "modrinthHash": "12dd81bea1dc7a2a240646a778ec9921f250713f"
  },
  "letmedespawn-1.20.x-forge-1.5.0.jar": {
    "jarName": "letmedespawn-1.20.x-forge-1.5.0.jar",
    "modId": "letmedespawn",
    "version": "1.5.0",
    "curseForgeHash": 3850440114,
    "modrinthHash": "878dd35df02e1e17b7eb16113147f964eda8847f"
  },
  "oculus-mc1.20.1-1.8.0.jar": {
    "jarName": "oculus-mc1.20.1-1.8.0.jar",
    "modId": "oculus",
    "version": "1.8.0",
    "curseForgeHash": 516527841,
    "modrinthHash": "984f774e71790deaec674c7587bd24e0711871b2"
  },
  "Placebo-1.20.1-8.6.3.jar": {
    "jarName": "Placebo-1.20.1-8.6.3.jar",
    "modId": "placebo",
    "version": "8.6.3",
    "curseForgeHash": 3174429337,
    "modrinthHash": "e85f53de2e582a79ce25ff1df1e7b5b5fc08440f"
  },
  "sodiumdynamiclights-forge-1.0.10-1.20.1.jar": {
    "jarName": "sodiumdynamiclights-forge-1.0.10-1.20.1.jar",
    "modId": "sodiumdynamiclights",
    "version": "1.0.9",
    "curseForgeHash": 4061843185,
    "modrinthHash": "d27524e85bed0f0af83c03be46f9ca3eb02a1be9"
  },
  "sodiumextras-forge-1.0.7-1.20.1.jar": {
    "jarName": "sodiumextras-forge-1.0.7-1.20.1.jar",
    "modId": "sodiumextras",
    "version": "1.0.6",
    "curseForgeHash": 3493046010,
    "modrinthHash": "7603f44bc4750774fbbdc07a3153c391650fcf3d"
  },
  "sodiumoptionsapi-forge-1.0.10-1.20.1.jar": {
    "jarName": "sodiumoptionsapi-forge-1.0.10-1.20.1.jar",
    "modId": "sodiumoptionsapi",
    "version": "1.0.10",
    "curseForgeHash": 2197810606,
    "modrinthHash": "7529fbf938787ed13a251cbf40936f8c29ec4b6c"
  },
  "sodiumoptionsmodcompat-forge-1.0.0-1.20.1.jar": {
    "jarName": "sodiumoptionsmodcompat-forge-1.0.0-1.20.1.jar",
    "modId": "sodiumoptionsmodcompat",
    "version": "1.0.0",
    "curseForgeHash": 1062903518,
    "modrinthHash": "214e96498ac1c840e3eee553fc69ba721e4f9a64"
  }
}