{
  "selections": {
    "mode": "SIMPLE"
  },
  "placements": {
    "placements": [
      {
        "schematic": "C:\\Users\\Eleve\\curseforge\\minecraft\\Instances\\test perf\\schematics\\Cow farm-from-abfielder.litematic",
        "name": "Cow farm",
        "origin": [
          50,
          69,
          238
        ],
        "rotation": "CLOCKWISE_180",
        "mirror": "NONE",
        "ignore_entities": false,
        "enabled": false,
        "enable_render": true,
        "render_enclosing_box": false,
        "locked": false,
        "locked_coords": 0,
        "bb_color": 16757504,
        "verifier_type": "all",
        "material_list": {
          "type": "all",
          "sort_criteria": "COUNT_TOTAL",
          "sort_reverse": false,
          "hide_available": false,
          "multiplier": 1
        },
        "placements": [
          {
            "name": "Cow farm",
            "placement": {
              "pos": [
                0,
                6,
                0
              ],
              "name": "Cow farm",
              "rotation": "NONE",
              "mirror": "NONE",
              "locked_coords": 0,
              "enabled": true,
              "rendering_enabled": true,
              "ignore_entities": false
            }
          }
        ]
      }
    ],
    "selected": 0,
    "origin_selected": true
  },
  "schematic_projects_manager": {},
  "operation_mode": "SCHEMATIC_PLACEMENT",
  "render_range": {
    "mode": "ALL",
    "axis": "y",
    "layer_single": 0,
    "layer_above": 0,
    "layer_below": 0,
    "layer_range_min": 0,
    "layer_range_max": 0,
    "hotkey_range_min": false,
    "hotkey_range_max": false
  },
  "area_simple": {
    "name": "Unnamed",
    "current": "Unnamed",
    "boxes": [
      {
        "pos1": [
          0,
          0,
          0
        ],
        "pos2": [
          0,
          0,
          0
        ],
        "name": "Unnamed"
      }
    ]
  },
  "tool_mode_data": {
    "delete": {
      "use_placement": false
    }
  }
}